[
    {
        "id": 1,
        "title": "Doodle SpongeBob",
        "theme": "Spongebob",
        "gender": "neutral",
        "difficulty": "easy",
        "thumb": "https://nextcloud.stinis.ddns.net/s/sZZn47YCqwbafDM/download",
        "url": "https://nextcloud.stinis.ddns.net/s/AzbcttMQ9Y9Hfc8/download"
    },
    {
        "id": 2,
        "title": "Finn the Human",
        "theme": "Adventure time",
        "gender": "male",
        "difficulty": "normal",
        "thumb": "https://nextcloud.stinis.ddns.net/s/qiB7HKRjZ4HsX4w/download",
        "url": "https://nextcloud.stinis.ddns.net/s/ibr6PSo4JzqAsaw/download"
    },
    {
        "id": 3,
        "title": "Ghosty",
        "theme": "Halloween",
        "gender": "neutral",
        "difficulty": "medium",
        "thumb": "https://nextcloud.stinis.ddns.net/s/6ZdGtSj8fQB5jam/download",
        "url": "https://nextcloud.stinis.ddns.net/s/oCLcHZpmEBCyq6F/download"
    },
    {
        "id": 4,
        "title": "Kid Luffy",
        "theme": "One Piece",
        "gender": "male",
        "difficulty": "hard",
        "thumb": "https://nextcloud.stinis.ddns.net/s/joNkxbA9bJoAJ5K/download",
        "url": "https://nextcloud.stinis.ddns.net/s/AnR8b4Cs3LTRd2e/download"
    },
    {
        "id": 5,
        "title": "Greg",
        "theme": "Diary of a Whimpy Kid",
        "gender": "male",
        "difficulty": "normal",
        "thumb": "https://nextcloud.stinis.ddns.net/s/eqHoQHFcEntQeJB/download",
        "url": "https://nextcloud.stinis.ddns.net/s/2gPsS85oJLWsSPr/download"
    },
    {
        "id": 6,
        "title": "Gojo",
        "theme": "Jujutsu Kaisen",
        "gender": "male",
        "difficulty": "normal",
        "thumb": "https://nextcloud.stinis.ddns.net/s/7qEHDKBj2EZa6z4/download",
        "url": "https://nextcloud.stinis.ddns.net/s/Bi82HNP5RgMndTf/download"
    },
    {
        "id": 7,
        "title": "Grumpy Luffy",
        "theme": "One Piece",
        "gender": "male",
        "difficulty": "hard",
        "thumb": "https://nextcloud.stinis.ddns.net/s/Gej64FN32qWWTq5/download",
        "url": "https://nextcloud.stinis.ddns.net/s/jLsQi4HQwywL7bJ/download"
    },
    {
        "id": 8,
        "title": "Law",
        "theme": "One Piece",
        "gender": "male",
        "difficulty": "medium",
        "thumb": "https://nextcloud.stinis.ddns.net/s/nJo96DLtSna3xDd/download",
        "url": "https://nextcloud.stinis.ddns.net/s/WTSECQRf5jpBYKZ/download"
    },
    {
        "id": 9,
        "title": "Law's hat",
        "theme": "One Piece",
        "gender": "neutral",
        "difficulty": "normal",
        "thumb": "https://nextcloud.stinis.ddns.net/s/wcHDWMyFkeX3xBG/download",
        "url": "https://nextcloud.stinis.ddns.net/s/RLDrk8NzYHbQHe8/download"
    },
    {
        "id": 10,
        "title": "Saitama",
        "theme": "One Punch Man",
        "gender": "male",
        "difficulty": "easy",
        "thumb": "https://nextcloud.stinis.ddns.net/s/7ma5YpLofLHBMXw/download",
        "url": "https://nextcloud.stinis.ddns.net/s/Btwb6nyL97KjXon/download"
    },
    {
        "id": 11,
        "title": "Squidward",
        "theme": "Spongebob",
        "gender": "male",
        "difficulty": "tricky",
        "thumb": "https://nextcloud.stinis.ddns.net/s/kdYZd2ncz9k9zd4/download",
        "url": "https://nextcloud.stinis.ddns.net/s/ZLa52Hwrye8xZRr/download"
    },
    {
        "id": 12,
        "title": "Straw hat",
        "theme": "One Piece",
        "gender": "neutral",
        "difficulty": "normal",
        "thumb": "https://nextcloud.stinis.ddns.net/s/c4D2M4Z3febdr7B/download",
        "url": "https://nextcloud.stinis.ddns.net/s/prbjBZW5gyPycom/download"
    },
    {
        "id": 13,
        "title": "Stupid Luffy",
        "theme": "One Piece",
        "gender": "male",
        "difficulty": "hard",
        "thumb": "https://nextcloud.stinis.ddns.net/s/K5fzMQNFppdKX5K/download",
        "url": "https://nextcloud.stinis.ddns.net/s/FbAGtDN8ttwPRxs/download"
    },
    {
        "id": 14,
        "title": "Tung Tung Tung Sahur",
        "theme": "Brainrot",
        "gender": "male",
        "difficulty": "hard",
        "thumb": "https://nextcloud.stinis.ddns.net/s/WoWCwsHYdgAWAbb/download",
        "url": "https://nextcloud.stinis.ddns.net/s/3xiAcCRY2P924gX/download"
    },
    {
        "id": 15,
        "title": "Batman",
        "theme": "DC",
        "gender": "male",
        "difficulty": "normal",
        "thumb": "https://nextcloud.stinis.ddns.net/s/ZjyzG2HFm6Mb9DT/download",
        "url": "https://nextcloud.stinis.ddns.net/s/Kcb9tbn6PbSMfSQ/download"
    },
    {
        "id": 16,
        "title": "Smoll Luffy",
        "theme": "One Piece",
        "gender": "male",
        "difficulty": "hard",
        "thumb": "https://nextcloud.stinis.ddns.net/s/RqLQjpgyw4aMJK3/download",
        "url": "https://nextcloud.stinis.ddns.net/s/GHY5DtPeG4TC3LL/download"
    },
    {
        "id": 17,
        "title": "Itaiii",
        "theme": "One Piece",
        "gender": "male",
        "difficulty": "tricky",
        "thumb": "https://nextcloud.stinis.ddns.net/s/MA8soRDk7QA6zoB/download",
        "url": "https://nextcloud.stinis.ddns.net/s/3oGxFm9wzWXzcJy/download"
    },
    {
        "id": 18,
        "title": "Angry Smoll Luffy",
        "theme": "One Piece",
        "gender": "male",
        "difficulty": "tricky",
        "thumb": "https://nextcloud.stinis.ddns.net/s/wG8i3tDkEwReCfF/download",
        "url": "https://nextcloud.stinis.ddns.net/s/QoiG5SysAnCw6cs/download"
    },
    {
        "id": 19,
        "title": "Kid Robin",
        "theme": "One Piece",
        "gender": "female",
        "difficulty": "tricky",
        "thumb": "https://nextcloud.stinis.ddns.net/s/gbYZDCLWpgYtY6s/download",
        "url": "https://nextcloud.stinis.ddns.net/s/FYGYwJ7yJcpgP6j/download"
    },
    {
        "id": 20,
        "title": "Sad Kid Luffy",
        "theme": "One Piece",
        "gender": "male",
        "difficulty": "normal",
        "thumb": "https://nextcloud.stinis.ddns.net/s/FH4H2ZX5q5MSbQm/download",
        "url": "https://nextcloud.stinis.ddns.net/s/qtaMKDQTkiwTYrs/download"
    },
    {
        "id": 21,
        "title": "-_- Saitama",
        "theme": "One Punch Man",
        "gender": "male",
        "difficulty": "normal",
        "thumb": "https://nextcloud.stinis.ddns.net/s/m2tGWote72ZoF4p/download",
        "url": "https://nextcloud.stinis.ddns.net/s/cK3eXDRWr6obj2R/download"
    }
]