[
  {
    "id": 1,
    "title": "Doodle SpongeBob",
    "theme": "Spongebob",
    "gender": "neutral",
    "difficulty": "medium",
    "thumb": "https://nextcloud.stinis.ddns.net/public.php/dav/files/PiFECGsHptZpn8c/Doodle_Spongebob.png",
    "url": "https://nextcloud.stinis.ddns.net/public.php/dav/files/NdgnpbrbjtNC42b/Doodle_Spongebob/Doodle_Spongebob.png"
  },
  {
    "id": 2,
    "title": "Finn the Human",
    "theme": "Adventure time",
    "gender": "male",
    "difficulty": "normal",
    "thumb": "https://nextcloud.stinis.ddns.net/public.php/dav/files/PiFECGsHptZpn8c/Finn_The_Human.png",
    "url": "https://nextcloud.stinis.ddns.net/public.php/dav/files/NdgnpbrbjtNC42b/Finn_The_Human/Finn_The_Human.png"
  },
  {
    "id": 3,
    "title": "Ghosty",
    "theme": "Halloween",
    "gender": "neutral",
    "difficulty": "normal",
    "thumb": "https://nextcloud.stinis.ddns.net/public.php/dav/files/PiFECGsHptZpn8c/Ghosty.png",
    "url": "https://nextcloud.stinis.ddns.net/public.php/dav/files/NdgnpbrbjtNC42b/Ghosty/Ghosty.png"
  },
  {
    "id": 4,
    "title": "Kid Luffy",
    "theme": "One Piece",
    "gender": "male",
    "difficulty": "tricky",
    "thumb": "https://nextcloud.stinis.ddns.net/public.php/dav/files/PiFECGsHptZpn8c/Kid_Luffy.png",
    "url": "https://nextcloud.stinis.ddns.net/public.php/dav/files/NdgnpbrbjtNC42b/Kid_Luffy/Kid_Luffy.png"
  },
  {
    "id": 5,
    "title": "Greg",
    "theme": "Diary of a Wimpy Kid",
    "gender": "male",
    "difficulty": "normal",
    "thumb": "https://nextcloud.stinis.ddns.net/public.php/dav/files/PiFECGsHptZpn8c/Greg.png",
    "url": "https://nextcloud.stinis.ddns.net/public.php/dav/files/NdgnpbrbjtNC42b/Greg/Greg.png"
  },
  {
    "id": 6,
    "title": "Gojo",
    "theme": "Jujutsu Kaisen",
    "gender": "male",
    "difficulty": "normal",
    "thumb": "https://nextcloud.stinis.ddns.net/public.php/dav/files/PiFECGsHptZpn8c/Gojo.png",
    "url": "https://nextcloud.stinis.ddns.net/public.php/dav/files/NdgnpbrbjtNC42b/Gojo/Gojo.png"
  },
  {
    "id": 7,
    "title": "Grumpy Luffy",
    "theme": "One Piece",
    "gender": "male",
    "difficulty": "tricky",
    "thumb": "https://nextcloud.stinis.ddns.net/public.php/dav/files/PiFECGsHptZpn8c/Grumpy_Luffy.png",
    "url": "https://nextcloud.stinis.ddns.net/public.php/dav/files/NdgnpbrbjtNC42b/Grumpy_Luffy/Grumpy_Luffy.png"
  },
  {
    "id": 8,
    "title": "Law",
    "theme": "One Piece",
    "gender": "male",
    "difficulty": "normal",
    "thumb": "https://nextcloud.stinis.ddns.net/public.php/dav/files/PiFECGsHptZpn8c/Law.png",
    "url": "https://nextcloud.stinis.ddns.net/public.php/dav/files/NdgnpbrbjtNC42b/Law/Law.png"
  },
  {
    "id": 9,
    "title": "Law's hat",
    "theme": "One Piece",
    "gender": "neutral",
    "difficulty": "normal",
    "thumb": "https://nextcloud.stinis.ddns.net/public.php/dav/files/PiFECGsHptZpn8c/Laws_Hat.png",
    "url": "https://nextcloud.stinis.ddns.net/public.php/dav/files/NdgnpbrbjtNC42b/Laws_Hat/Laws_Hat.png"
  },
  {
    "id": 10,
    "title": "Saitama",
    "theme": "One Punch Man",
    "gender": "male",
    "difficulty": "easy",
    "thumb": "https://nextcloud.stinis.ddns.net/public.php/dav/files/PiFECGsHptZpn8c/Saitama.png",
    "url": "https://nextcloud.stinis.ddns.net/public.php/dav/files/NdgnpbrbjtNC42b/Saitama/Saitama.png"
  },
  {
    "id": 11,
    "title": "Squidward",
    "theme": "Spongebob",
    "gender": "male",
    "difficulty": "tricky",
    "thumb": "https://nextcloud.stinis.ddns.net/public.php/dav/files/PiFECGsHptZpn8c/Squidward.png",
    "url": "https://nextcloud.stinis.ddns.net/public.php/dav/files/NdgnpbrbjtNC42b/Squidward/Squidward.png"
  },
  {
    "id": 12,
    "title": "Straw hat",
    "theme": "One Piece",
    "gender": "neutral",
    "difficulty": "normal",
    "thumb": "https://nextcloud.stinis.ddns.net/public.php/dav/files/PiFECGsHptZpn8c/Straw_Hat.png",
    "url": "https://nextcloud.stinis.ddns.net/public.php/dav/files/NdgnpbrbjtNC42b/Straw_Hat/Straw_Hat.png"
  },
  {
    "id": 13,
    "title": "Stupid Luffy",
    "theme": "One Piece",
    "gender": "male",
    "difficulty": "tricky",
    "thumb": "https://nextcloud.stinis.ddns.net/public.php/dav/files/PiFECGsHptZpn8c/Stupid_Luffy.png",
    "url": "https://nextcloud.stinis.ddns.net/public.php/dav/files/NdgnpbrbjtNC42b/Stupid_Luffy/Stupid_Luffy.png"
  },
  {
    "id": 14,
    "title": "Tung Tung Tung Sahur",
    "theme": "Brainrot",
    "gender": "male",
    "difficulty": "tricky",
    "thumb": "https://nextcloud.stinis.ddns.net/public.php/dav/files/PiFECGsHptZpn8c/Tung_Sahur.png",
    "url": "https://nextcloud.stinis.ddns.net/public.php/dav/files/NdgnpbrbjtNC42b/Tung_Sahur/Tung_Sahur.png"
  },
  {
    "id": 15,
    "title": "Batman",
    "theme": "DC",
    "gender": "male",
    "difficulty": "normal",
    "thumb": "https://nextcloud.stinis.ddns.net/public.php/dav/files/PiFECGsHptZpn8c/Batman.png",
    "url": "https://nextcloud.stinis.ddns.net/public.php/dav/files/NdgnpbrbjtNC42b/Batman/Batman.png"
  },
  {
    "id": 16,
    "title": "Smoll Luffy",
    "theme": "One Piece",
    "gender": "male",
    "difficulty": "tricky",
    "thumb": "https://nextcloud.stinis.ddns.net/public.php/dav/files/PiFECGsHptZpn8c/Smoll_Luffy.png",
    "url": "https://nextcloud.stinis.ddns.net/public.php/dav/files/NdgnpbrbjtNC42b/Smoll_Luffy/Smoll_Luffy.png"
  },
  {
    "id": 17,
    "title": "Itaiii",
    "theme": "One Piece",
    "gender": "male",
    "difficulty": "medium",
    "thumb": "https://nextcloud.stinis.ddns.net/public.php/dav/files/PiFECGsHptZpn8c/Itaiii.png",
    "url": "https://nextcloud.stinis.ddns.net/public.php/dav/files/NdgnpbrbjtNC42b/Itaiii/Itaiii.png"
  },
  {
    "id": 18,
    "title": "Angry Smoll Luffy",
    "theme": "One Piece",
    "gender": "male",
    "difficulty": "tricky",
    "thumb": "https://nextcloud.stinis.ddns.net/public.php/dav/files/PiFECGsHptZpn8c/Angry_Smoll_Luffy.png",
    "url": "https://nextcloud.stinis.ddns.net/public.php/dav/files/NdgnpbrbjtNC42b/Angry_Smoll_Luffy/Angry_Smoll_Luffy.png"
  },
  {
    "id": 19,
    "title": "Kid Robin",
    "theme": "One Piece",
    "gender": "female",
    "difficulty": "hard",
    "thumb": "https://nextcloud.stinis.ddns.net/public.php/dav/files/PiFECGsHptZpn8c/Kid_Robin.png",
    "url": "https://nextcloud.stinis.ddns.net/public.php/dav/files/NdgnpbrbjtNC42b/Kid_Robin/Kid_Robin.png"
  },
  {
    "id": 20,
    "title": "Sad Kid Luffy",
    "theme": "One Piece",
    "gender": "male",
    "difficulty": "medium",
    "thumb": "https://nextcloud.stinis.ddns.net/public.php/dav/files/PiFECGsHptZpn8c/Sad_Kid_Luffy.png",
    "url": "https://nextcloud.stinis.ddns.net/public.php/dav/files/NdgnpbrbjtNC42b/Sad_Kid_Luffy/Sad_Kid_Luffy.png"
  },
  {
    "id": 31,
    "title": "Chouchou",
    "theme": "One Piece",
    "gender": "male",
    "difficulty": "normal",
    "thumb": "https://nextcloud.stinis.ddns.net/public.php/dav/files/PiFECGsHptZpn8c/Chouchou.png",
    "url": "https://nextcloud.stinis.ddns.net/public.php/dav/files/NdgnpbrbjtNC42b/Chouchou/Chouchou.png"
  },
  {
    "id": 22,
    "title": "Garp",
    "theme": "One Piece",
    "gender": "male",
    "difficulty": "tricky",
    "thumb": "https://nextcloud.stinis.ddns.net/public.php/dav/files/PiFECGsHptZpn8c/Garp.png",
    "url": "https://nextcloud.stinis.ddns.net/public.php/dav/files/NdgnpbrbjtNC42b/Garp/Garp.png"
  },
  {
    "id": 23,
    "title": "Sabo",
    "theme": "One Piece",
    "gender": "male",
    "difficulty": "tricky",
    "thumb": "https://nextcloud.stinis.ddns.net/public.php/dav/files/PiFECGsHptZpn8c/Sabo.png",
    "url": "https://nextcloud.stinis.ddns.net/public.php/dav/files/NdgnpbrbjtNC42b/Sabo/Sabo.png"
  },
  {
    "id": 24,
    "title": "Marimo",
    "theme": "One Piece",
    "gender": "male",
    "difficulty": "medium",
    "thumb": "https://nextcloud.stinis.ddns.net/public.php/dav/files/PiFECGsHptZpn8c/Marimo.png",
    "url": "https://nextcloud.stinis.ddns.net/public.php/dav/files/NdgnpbrbjtNC42b/Marimo/Marimo.png"
  },
  {
    "id": 25,
    "title": "Gear 5th",
    "theme": "One Piece",
    "gender": "male",
    "difficulty": "tricky",
    "thumb": "https://nextcloud.stinis.ddns.net/public.php/dav/files/PiFECGsHptZpn8c/Gear_5th.png",
    "url": "https://nextcloud.stinis.ddns.net/public.php/dav/files/NdgnpbrbjtNC42b/Gear_5th/Gear_5th.png"
  },
  {
    "id": 26,
    "title": "Dressrosa Luffy",
    "theme": "One Piece",
    "gender": "male",
    "difficulty": "tricky",
    "thumb": "https://nextcloud.stinis.ddns.net/public.php/dav/files/PiFECGsHptZpn8c/Dressrosa_Luffy.png",
    "url": "https://nextcloud.stinis.ddns.net/public.php/dav/files/NdgnpbrbjtNC42b/Dressrosa_Luffy/Dressrosa_Luffy.png"
  },
  {
    "id": 27,
    "title": "Shiny Nami",
    "theme": "One Piece",
    "gender": "female",
    "difficulty": "medium",
    "thumb": "https://nextcloud.stinis.ddns.net/public.php/dav/files/PiFECGsHptZpn8c/Shiny_Nami.png",
    "url": "https://nextcloud.stinis.ddns.net/public.php/dav/files/NdgnpbrbjtNC42b/Shiny_Nami/Shiny_Nami.png"
  },
  {
    "id": 28,
    "title": "PaRappa The Rapper",
    "theme": "Random",
    "gender": "male",
    "difficulty": "tricky",
    "thumb": "https://nextcloud.stinis.ddns.net/public.php/dav/files/PiFECGsHptZpn8c/PaRappa_The_Rapper.png",
    "url": "https://nextcloud.stinis.ddns.net/public.php/dav/files/NdgnpbrbjtNC42b/PaRappa_The_Rapper/PaRappa_The_Rapper.png"
  },
  {
    "id": 29,
    "title": "Beehive Luffy",
    "theme": "One Piece",
    "gender": "male",
    "difficulty": "normal",
    "thumb": "https://nextcloud.stinis.ddns.net/public.php/dav/files/PiFECGsHptZpn8c/Beehive_Luffy.png",
    "url": "https://nextcloud.stinis.ddns.net/public.php/dav/files/NdgnpbrbjtNC42b/Beehive_Luffy/Beehive_Luffy.png"
  },
  {
    "id": 30,
    "title": "Angry Afro Luffy",
    "theme": "One Piece",
    "gender": "male",
    "difficulty": "medium",
    "thumb": "https://nextcloud.stinis.ddns.net/public.php/dav/files/PiFECGsHptZpn8c/Angry_Afro_Luffy.png",
    "url": "https://nextcloud.stinis.ddns.net/public.php/dav/files/NdgnpbrbjtNC42b/Angry_Afro_Luffy/Angry_Afro_Luffy.png"
  },
  {
    "id": 31,
    "title": "Unbothered Luffy",
    "theme": "One Piece",
    "gender": "male",
    "difficulty": "medium",
    "thumb": "https://nextcloud.stinis.ddns.net/public.php/dav/files/PiFECGsHptZpn8c/Unbothered_Luffy.png",
    "url": "https://nextcloud.stinis.ddns.net/public.php/dav/files/NdgnpbrbjtNC42b/Unbothered_Luffy/Unbothered_Luffy.png"
  },
  {
    "id": 32,
    "title": "Trolling Luffy",
    "theme": "One Piece",
    "gender": "male",
    "difficulty": "tricky",
    "thumb": "https://nextcloud.stinis.ddns.net/public.php/dav/files/PiFECGsHptZpn8c/Trolling_Luffy.png",
    "url": "https://nextcloud.stinis.ddns.net/public.php/dav/files/NdgnpbrbjtNC42b/Trolling_Luffy/Trolling_Luffy.png"
  },
  {
    "id": 33,
    "title": "Sanji Impression",
    "theme": "One Piece",
    "gender": "male",
    "difficulty": "tricky",
    "thumb": "https://nextcloud.stinis.ddns.net/public.php/dav/files/PiFECGsHptZpn8c/Sanji_Impression.png",
    "url": "https://nextcloud.stinis.ddns.net/public.php/dav/files/NdgnpbrbjtNC42b/Sanji_Impression/Sanji_Impression.png"
  },
  {
    "id": 34,
    "title": "Cool Gear Fifth",
    "theme": "One Piece",
    "gender": "male",
    "difficulty": "medium",
    "thumb": "https://nextcloud.stinis.ddns.net/public.php/dav/files/PiFECGsHptZpn8c/Cool_Gear_5th.png",
    "url": "https://nextcloud.stinis.ddns.net/public.php/dav/files/NdgnpbrbjtNC42b/Cool_Gear_5th/Cool_Gear_5th.png"
  },
  {
    "id": 35,
    "title": "Crying Laboon",
    "theme": "One Piece",
    "gender": "male",
    "difficulty": "medium",
    "thumb": "https://nextcloud.stinis.ddns.net/public.php/dav/files/PiFECGsHptZpn8c/Crying_Laboon.png",
    "url": "https://nextcloud.stinis.ddns.net/public.php/dav/files/NdgnpbrbjtNC42b/Crying_Laboon/Crying_Laboon.png"
  },
  {
    "id": 37,
    "title": "Super Happy Laboon",
    "theme": "One Piece",
    "gender": "male",
    "difficulty": "normal",
    "thumb": "https://nextcloud.stinis.ddns.net/public.php/dav/files/PiFECGsHptZpn8c/Super_Happy_Laboon.png",
    "url": "https://nextcloud.stinis.ddns.net/public.php/dav/files/NdgnpbrbjtNC42b/Super_Happy_Laboon/Super_Happy_Laboon.png"
  },
  {
    "id": 38,
    "title": "Happy Laboon",
    "theme": "One Piece",
    "gender": "male",
    "difficulty": "normal",
    "thumb": "https://nextcloud.stinis.ddns.net/public.php/dav/files/PiFECGsHptZpn8c/Happy_Laboon.png",
    "url": "https://nextcloud.stinis.ddns.net/public.php/dav/files/NdgnpbrbjtNC42b/Happy_Laboon/Happy_Laboon.png"
  },
  {
    "id": 39,
    "title": "Laughing Laboon",
    "theme": "One Piece",
    "gender": "male",
    "difficulty": "medium",
    "thumb": "https://nextcloud.stinis.ddns.net/public.php/dav/files/PiFECGsHptZpn8c/Laughing_Laboon.png",
    "url": "https://nextcloud.stinis.ddns.net/public.php/dav/files/NdgnpbrbjtNC42b/Laughing_Laboon/Laughing_Laboon.png"
  },
  {
    "id": 40,
    "title": "Gaimon",
    "theme": "One Piece",
    "gender": "male",
    "difficulty": "medium",
    "thumb": "https://nextcloud.stinis.ddns.net/public.php/dav/files/PiFECGsHptZpn8c/Gaimon.png",
    "url": "https://nextcloud.stinis.ddns.net/public.php/dav/files/NdgnpbrbjtNC42b/Gaimon/Gaimon.png"
  },
  {
    "id": 41,
    "title": "Eustass Kid - Chibi",
    "theme": "One Piece",
    "gender": "male",
    "difficulty": "medium",
    "thumb": "https://nextcloud.stinis.ddns.net/public.php/dav/files/PiFECGsHptZpn8c/Kid_Chibi.png",
    "url": "https://nextcloud.stinis.ddns.net/public.php/dav/files/NdgnpbrbjtNC42b/Kid_Chibi/Kid_Chibi.png"
  },
  {
    "id": 42,
    "title": "Rengoku",
    "theme": "Demon Slayer",
    "gender": "male",
    "difficulty": "medium",
    "thumb": "https://nextcloud.stinis.ddns.net/public.php/dav/files/PiFECGsHptZpn8c/Rengoku.png",
    "url": "https://nextcloud.stinis.ddns.net/public.php/dav/files/NdgnpbrbjtNC42b/Rengoku/Rengoku.png"
  },
  {
    "id": 43,
    "title": "Tanjiro",
    "theme": "Demon Slayer",
    "gender": "male",
    "difficulty": "medium",
    "thumb": "https://nextcloud.stinis.ddns.net/public.php/dav/files/PiFECGsHptZpn8c/Tanjiro.png",
    "url": "https://nextcloud.stinis.ddns.net/public.php/dav/files/NdgnpbrbjtNC42b/Tanjiro/Tanjiro.png"
  },
  {
    "id": 44,
    "title": "Nezuko",
    "theme": "Demon Slayer",
    "gender": "female",
    "difficulty": "medium",
    "thumb": "https://nextcloud.stinis.ddns.net/public.php/dav/files/PiFECGsHptZpn8c/Nezuko.png",
    "url": "https://nextcloud.stinis.ddns.net/public.php/dav/files/NdgnpbrbjtNC42b/Nezuko/Nezuko.png"
  },
  {
    "id": 45,
    "title": "Mr Toilet Paper",
    "theme": "Outrage Art",
    "gender": "male",
    "difficulty": "medium",
    "thumb": "https://nextcloud.stinis.ddns.net/public.php/dav/files/PiFECGsHptZpn8c/Mr_Toilet_Paper.png",
    "url": "https://nextcloud.stinis.ddns.net/public.php/dav/files/NdgnpbrbjtNC42b/Mr_Toilet_Paper/Mr_Toilet_Paper.png"
  },
  {
    "id": 46,
    "title": "Sniffy",
    "theme": "Outrage Art",
    "gender": "male",
    "difficulty": "medium",
    "thumb": "https://nextcloud.stinis.ddns.net/public.php/dav/files/PiFECGsHptZpn8c/Sniffy.png",
    "url": "https://nextcloud.stinis.ddns.net/public.php/dav/files/NdgnpbrbjtNC42b/Sniffy/Sniffy.png"
  }
]